{"working_dir":null,"default_chunk_options":{},"chunk_definitions":[{"row":18,"row_count":1,"visible":true,"expansion_state":0,"options":{"engine":"r","label":"setup","include":false},"document_id":"B545B33E","chunk_id":"csetup_chunk","chunk_label":"setup"},{"row":28,"row_count":1,"visible":true,"expansion_state":0,"options":{"engine":"r","label":"unnamed-chunk-13"},"document_id":"B545B33E","chunk_id":"cym6p5ro7wi6g","chunk_label":"unnamed-chunk-1"},{"row":61,"row_count":1,"visible":true,"expansion_state":0,"options":{"engine":"r","label":"unnamed-chunk-14"},"document_id":"B545B33E","chunk_id":"cpn7732lloz97","chunk_label":"unnamed-chunk-2"},{"row":87,"row_count":1,"visible":true,"expansion_state":0,"options":{"engine":"r","label":"unnamed-chunk-15"},"document_id":"B545B33E","chunk_id":"csexmgx2ul2ou","chunk_label":"unnamed-chunk-3"},{"row":99,"row_count":1,"visible":true,"expansion_state":0,"options":{"engine":"r","label":"unnamed-chunk-16"},"document_id":"B545B33E","chunk_id":"cf6x5sab0f6jj","chunk_label":"unnamed-chunk-4"},{"row":107,"row_count":1,"visible":true,"expansion_state":0,"options":{},"document_id":"B545B33E","chunk_id":"c31qkgawj04en","chunk_label":"unnamed-chunk-5"},{"row":115,"row_count":1,"visible":true,"expansion_state":0,"options":{},"document_id":"B545B33E","chunk_id":"clokhqo0qz8vy","chunk_label":"unnamed-chunk-6"},{"row":133,"row_count":1,"visible":true,"expansion_state":0,"options":{},"document_id":"B545B33E","chunk_id":"cgpekdjpw289j","chunk_label":"unnamed-chunk-7"},{"row":149,"row_count":1,"visible":true,"expansion_state":0,"options":{},"document_id":"B545B33E","chunk_id":"c7kttncu2vez7","chunk_label":"unnamed-chunk-8"},{"row":167,"row_count":1,"visible":true,"expansion_state":0,"options":{},"document_id":"B545B33E","chunk_id":"cbuhzkvuquwly","chunk_label":"unnamed-chunk-9"}],"doc_write_time":1687287708}