{"chunk_definitions":[{"row":28,"row_count":1,"visible":true,"expansion_state":0,"options":{"engine":"r","label":"setup","include":false},"document_id":"353A5151","chunk_id":"csetup_chunk","chunk_label":"setup"},{"row":38,"row_count":1,"visible":true,"expansion_state":0,"options":{"engine":"r","label":"unnamed-chunk-1"},"document_id":"353A5151","chunk_id":"c2dg4t96z1vfn","chunk_label":"unnamed-chunk-1"},{"row":52,"row_count":1,"visible":true,"expansion_state":0,"options":{},"document_id":"353A5151","chunk_id":"cdh2tdq8oy103","chunk_label":"unnamed-chunk-2"},{"row":57,"row_count":1,"visible":true,"expansion_state":0,"options":{},"document_id":"353A5151","chunk_id":"cmo7qkxi2aev4","chunk_label":"unnamed-chunk-3"},{"row":64,"row_count":1,"visible":true,"expansion_state":0,"options":{},"document_id":"353A5151","chunk_id":"c7vqzh118s3i6","chunk_label":"unnamed-chunk-4"},{"row":70,"row_count":1,"visible":true,"expansion_state":0,"options":{},"document_id":"353A5151","chunk_id":"clfcv6ndsr0jg","chunk_label":"unnamed-chunk-5"},{"row":75,"row_count":1,"visible":true,"expansion_state":0,"options":{},"document_id":"353A5151","chunk_id":"c4w4iawfjwf30","chunk_label":"unnamed-chunk-6"},{"row":85,"row_count":1,"visible":true,"expansion_state":0,"options":{},"document_id":"353A5151","chunk_id":"c5lly87jf3uj2","chunk_label":"unnamed-chunk-7"},{"row":92,"row_count":1,"visible":true,"expansion_state":0,"options":{},"document_id":"353A5151","chunk_id":"cnvonfyaabhax","chunk_label":"unnamed-chunk-8"},{"row":99,"row_count":1,"visible":true,"expansion_state":0,"options":{},"document_id":"353A5151","chunk_id":"ckrx9ysucwqeb","chunk_label":"unnamed-chunk-9"},{"row":108,"row_count":1,"visible":true,"expansion_state":0,"options":{},"document_id":"353A5151","chunk_id":"ch52lxomty0ve","chunk_label":"unnamed-chunk-10"},{"row":115,"row_count":1,"visible":true,"expansion_state":0,"options":{},"document_id":"353A5151","chunk_id":"cntko6xplet49","chunk_label":"unnamed-chunk-11"},{"row":122,"row_count":1,"visible":true,"expansion_state":0,"options":{},"document_id":"353A5151","chunk_id":"c1f619m1zcv2r","chunk_label":"unnamed-chunk-12"}],"doc_write_time":1687287945,"working_dir":null,"default_chunk_options":{"echo":false,"eval":true,"results":"hide","message":false,"warning":false,"dpi":300.0,"fig.align":"center"},"chunk_rendered_width":400}