"0",""
"0","dateRangeInput(inputId = ""date_range"", "
"0","               label   = h4(""Date Range""), "
"0","               start   = ""2018-01-01"", "
"0","               end     = today(),          # ""2019-05-10"" "
"0","               min     = min(sales_data_tbl$date), "
"0","               max     = max(sales_data_tbl$date), "
"0","               startview = ""year"")"
"2","Warning: over-long path"
"2","Warning: over-long path"
"2","Warning: over-long path"
"2","Warning: over-long path"
"2","Warning: over-long path"
"2","Warning: over-long path"
"2","Warning: over-long path"
"2","Warning: over-long path"
"2","Warning: over-long path"
"2","Warning: over-long path"
"2","Warning: over-long path"
"2","Warning: over-long path"
"2","Warning: over-long path"
"2","Warning: over-long path"
"2","Warning: over-long path"
"2","Warning: over-long path"
"2","Warning: over-long path"
"2","Warning: over-long path"
"2","Warning: over-long path"
"2","Warning: over-long path"
"2","Warning: over-long path"
"2","Warning: over-long path"
