[{"name":"bootstrap-datepicker-js","version":"1.9.0","src":{"file":"C:\/Users\/islam\/AppData\/Local\/R\/win-library\/4.2\/shiny\/www\/shared\/datepicker"},"meta":null,"script":"js\/bootstrap-datepicker.min.js","stylesheet":null,"head":"<script>(function() {\u000A        var datepicker = $.fn.datepicker.noConflict();\u000A        $.fn.bsDatepicker = datepicker;\u000A      })();\u000A     <\/script>","attachment":null,"all_files":true},{"name":"bootstrap-datepicker-css","version":"1.9.0","src":{"file":"C:\/Users\/islam\/AppData\/Local\/R\/win-library\/4.2\/shiny\/www\/shared\/datepicker"},"meta":null,"script":null,"stylesheet":"css\/bootstrap-datepicker3.min.css","head":null,"attachment":null,"all_files":true}]
