[{"name":"ionrangeslider-javascript","version":"2.3.1","src":{"file":"C:\/Users\/islam\/AppData\/Local\/R\/win-library\/4.2\/shiny\/www\/shared\/ionrangeslider"},"meta":null,"script":"js\/ion.rangeSlider.min.js","stylesheet":null,"head":null,"attachment":null,"all_files":true},{"name":"strftime","version":"0.9.2","src":{"file":"C:\/Users\/islam\/AppData\/Local\/R\/win-library\/4.2\/shiny\/www\/shared\/strftime"},"meta":null,"script":"strftime-min.js","stylesheet":null,"head":null,"attachment":null,"all_files":true},{"name":"ionrangeslider-css","version":"2.3.1","src":{"file":"C:\/Users\/islam\/AppData\/Local\/R\/win-library\/4.2\/shiny\/www\/shared\/ionrangeslider"},"meta":null,"script":null,"stylesheet":"css\/ion.rangeSlider.css","head":null,"attachment":null,"all_files":true}]
