"0",""
"0","observeEvent(eventExpr = input$reset, handlerExpr = {"
"0","  "
"0","  updateCheckboxGroupInput(session  = session, "
"0","                           inputId  = ""checkbox_group"", "
"0","                           selected = c(""marketing"", ""research"", ""sales""))"
"0","  "
"0","  updateDateRangeInput(session = session, "
"0","                       inputId = ""date_range"", "
"0","                       start   = min(sales_data_tbl$date), "
"0","                       end     = today())"
"0","  "
"0","  updateSliderInput(session = session, "
"0","                    inputId = ""slider_input"", "
"0","                    value   = c(40, 60))"
"0","  "
"0","  "
"0","})"
